-- Script de déchargement des données dans la base Air-de-java
USE Air_de_java;

/* ********************
-- DECHARGEMENT DES DONNEES DANS LES TABLES NIV1 (SANS FK)
*/
--
-- Déchargement des données de la table `personnes`
--

INSERT INTO `personnes` (`idPerso`, `nomPerso`, `prenomPerso`, `civilite`, `dateNaissance`) VALUES
(1, 'Champagne', 'Laurene', 'Mlle', '1973-01-28'),
(2, 'Thibault', 'Fleurette', 'Mme', '1966-05-17'),
(3, 'Couet', 'Dixie', 'Mme', '1993-05-11'),
(4, 'Petrie', 'Charlotte', 'Mme', '1959-02-04'),
(5, 'Goulet', 'Channing', 'M.', '1988-09-03'),
(6, 'Tessier', 'Laurence', 'Mme', '1991-11-30'),
(7, 'Trudeau', 'Gaston', NULL, '1978-02-20'),
(8, 'Riel', 'Annot', 'Mme', '1971-02-03'),
(9, 'Lauzier', 'Somer', 'M.', '1993-12-22'),
(10, 'Lebrun', 'Francis', 'M.', '1971-06-07'),
(11, 'Jodoin', 'Travers', 'M.', '1987-04-07'),
(12, 'Lafond', 'Édouard', 'M.', '1994-07-10'),
(13, 'Monjeau', 'Bevis', 'M.', '1986-03-27'),
(14, 'Chaloux', 'Aubrey', 'Mme', '2001-09-06'),
(15, 'Bazin', 'Roch', 'M.', '1964-01-23'),
(16, 'Lanteigne', 'Jean', 'M.', '1966-04-03'),
(17, 'Montminy', 'Kari', 'Mme', '1954-06-09'),
(18, 'Lanoie', 'Hilaire', 'Mme', '1997-04-05'),
(19, 'Bourque', 'Marsilius', 'M.', '1952-11-07'),
(20, 'Sorel', 'Germain', 'M.', '1953-04-22'),
(21, 'Lacombe', 'Somer', 'M.', '1957-11-25'),
(22, 'Clément', 'Simone', 'Mme', '1992-04-27'),
(23, 'Lacharité', 'Tanguy', 'M.', '1979-10-16'),
(24, 'Longpré', 'Monique', 'Mlle', '1983-08-06'),
(25, 'Audibert', 'Henry', 'M.', '1962-01-23'),
(26, 'Truchon', 'Anton', 'M.', '2000-08-09'),
(27, 'Ruel', 'Maryse', 'Mme', '1962-07-22'),
(28, 'Marquis', 'Mercer', 'M.', '1991-09-21'),
(29, 'Daigle', 'Eloise', NULL, '1973-04-05'),
(30, 'Brisebois', 'Olivier', 'M.', '1984-08-21'),
(31, 'Patel', 'Lowell', 'M.', '1990-05-17'),
(32, 'Faure', 'Paulette', 'Mme', '1972-07-18'),
(33, 'Bordeleau', 'Anne', 'Mme', '1960-03-19'),
(34, 'Tanguay', 'Annot', 'Mme', '1970-11-13'),
(35, 'Fugère', 'Prunella', 'Mme', '1989-02-13'),
(36, 'Sciverit', 'Grégoire', 'M.', '2002-01-20'),
(37, 'Morneau', 'Travers', 'M.', '1988-01-06'),
(38, 'Perillard', 'Erembourg', 'Mme', '1983-07-24'),
(39, 'Josseaume', 'Crescent', 'Mme', '1956-02-28'),
(40, 'Lagacé', 'Brie', 'Mme', '1961-10-14'),
(41, 'Chalifour', 'Clarimunda', 'Mme', '1991-08-20'),
(42, 'Jodion', 'Leala', 'Mme', '1953-11-08'),
(43, 'Charette', 'Inès', 'Mme', '1971-07-22'),
(44, 'Grimard', 'Bertrand', NULL, '1974-07-26'),
(45, 'Charrette', 'Romaine', 'Mlle', '1990-12-21'),
(46, 'Lagueux', 'Jacques', 'M.', '1990-07-27'),
(47, 'Brunelle', 'Albracca', 'Mme', '1992-11-15'),
(48, 'Monty', 'Aubrey', 'Mme', '1956-02-16'),
(49, 'Coulombe', 'Leala', 'Mme', '1962-12-13'),
(50, 'Cadieux', 'Gay', 'Mme', '1999-12-21'),
(51, 'Cyr', 'Chantal', 'Mme', '1992-01-06'),
(52, 'Rouze', 'Paulette', 'Mme', '1968-09-04'),
(53, 'Doyon', 'Arber', 'M.', '1983-01-10'),
(54, 'Adler', 'Mallory', 'M.', '2004-01-28'),
(55, 'Bisaillon', 'Yvette', 'Mlle', '1981-02-05'),
(56, 'Leclerc', 'Joy', 'Mme', '1996-10-06'),
(57, 'Allaire', 'Pascal', 'M.', '1972-10-30'),
(58, 'Hervé', 'Hardouin', NULL, '2000-11-28'),
(59, 'Abril', 'Mathilde', 'Mme', '1966-08-31'),
(60, 'Jetté', 'Andrée', 'Mme', '1979-11-11'),
(61, 'Rhéaume', 'Brice', 'Mme', '1985-07-14'),
(62, 'Tardif', 'Sibyla', 'Mme', '1973-10-01'),
(63, 'Desrosiers', 'Océane', 'Mme', '1965-08-21'),
(64, 'Audibert', 'Thierry', 'M.', '2000-04-06'),
(65, 'Du Trieux', 'Jean', 'M.', '1993-12-11'),
(66, 'Jacques', 'Burnell', 'M.', '1998-11-09'),
(67, 'Gour', 'Clothilde', 'Mme', '1958-02-05'),
(68, 'Boucher', 'Henry', 'M.', '1955-12-10'),
(69, 'Masson', 'Xarles', 'M.', '1965-11-27'),
(70, 'Gaudreau', 'Henriette', 'Mme', '2004-09-26'),
(71, 'Louis', 'Neville', 'M.', '1996-04-23'),
(72, 'Dubé', 'Sacripant', 'M.', '1990-04-19'),
(73, 'Dupéré', 'Olympia', 'Mme', '1995-01-26'),
(74, 'Charlesbois', 'Zara', NULL, '1974-03-30'),
(75, 'Dupuis', 'Neville', 'M.', '1979-01-19'),
(76, 'Courtemanche', 'Yolande', 'Mlle', '1981-01-26'),
(77, 'Goguen', 'Travers', 'M.', '1977-09-20'),
(78, 'Louineaux', 'Marmion', 'M.', '1971-11-29'),
(79, 'Arsenault', 'Favor', 'Mme', '1978-12-11'),
(80, 'Desilets', 'Marcelle', NULL, '1988-08-21'),
(81, 'Viens', 'Tearlach', 'M.', '1954-11-22'),
(82, 'Coupart', 'Laverne', 'Mme', '1987-02-13'),
(83, 'De La Ronde', 'Scoville', 'M.', '2002-08-02'),
(84, 'Phaneuf', 'Etoile', 'Mme', '1958-10-02'),
(85, 'Chesnay', 'Mercer', 'M.', '1964-05-25'),
(86, 'Fongemie', 'Manville', 'M.', '1973-12-03'),
(87, 'Bourassa', 'Somerville', NULL, '1973-07-05'),
(88, 'Sanschagrin', 'Fiacre', 'M.', '1998-08-11'),
(89, 'Berthiaume', 'Sacripant', 'M.', '1975-08-07'),
(90, 'Langlois', 'Creissant', 'Mlle', '1981-06-12'),
(91, 'Vaillancour', 'Phillipa', 'Mme', '1997-05-25'),
(92, 'Viens', 'Normand', 'M.', '1990-08-18'),
(93, 'Benjamin', 'Brigliador', 'M.', '1979-10-27'),
(94, 'Goguen', 'Pinabel', 'M.', '1993-03-05'),
(95, 'Fortier', 'Talon', 'M.', '1958-10-12'),
(96, 'Caouette', 'Ermengardi', 'Mme', '1953-01-30'),
(97, 'Lussier', 'Tyson', 'M.', '1984-06-09'),
(98, 'Ducharme', 'Fiacre', 'M.', '1966-11-11'),
(99, 'Béland', 'Alphonsine', 'Mme', '1999-04-17'),
(100, 'Quinn', 'Blanchefle', 'Mme', '1980-03-30'),
(101, 'Lafrenière', 'Bellamy', 'M.', NULL),
(102, 'Favreau', 'Fifi', 'Mme', NULL),
(103, 'Cyr', 'Avent', 'M.', NULL),
(104, 'L\'Angelier', 'Alita', 'Mlle', NULL),
(105, 'de Chateaub', 'Amaury', 'M.', NULL),
(106, 'Brochu', 'Fayette', 'Mme', NULL),
(107, 'Carignan', 'Neville', NULL, NULL),
(108, 'Tisserand', 'Medoro', 'M.', NULL),
(109, 'Chassé', 'Harbin', 'M.', NULL),
(110, 'Brisette', 'Thiery', 'M.', NULL),
(111, 'Carignan', 'Davet', 'M.', NULL),
(112, 'Deblois', 'Franck', 'M.', NULL),
(113, 'Louineaux', 'Avenall', 'M.', NULL),
(114, 'Charette', 'Yolette', 'Mme', NULL),
(115, 'Sabourin', 'Josette', 'Mme', NULL),
(116, 'Gosselin', 'Damiane', 'Mme', NULL),
(117, 'Poisson', 'Latimer', 'M.', NULL),
(118, 'Lajeunesse', 'Methena', 'Mlle', NULL),
(119, 'Sansouci', 'Hilaire', 'Mme', NULL),
(120, 'Quenneville', 'Henry', 'M.', NULL),
(121, 'Chaussée', 'Gill', 'M.', NULL),
(122, 'Cantin', 'Maryse', 'Mme', NULL),
(123, 'Chalut', 'Joseph', 'M.', NULL),
(124, 'Des Meaux', 'Frontino', 'M.', NULL),
(125, 'Lussier', 'Sébastien', 'M.', NULL),
(126, 'Fecteau', 'Karlotta', 'Mme', NULL),
(127, 'Monrency', 'Arnaud', 'M.', NULL),
(128, 'Deblois', 'Martin', 'M.', NULL),
(129, 'Dupuis', 'Gilles', 'M.', NULL),
(130, 'Lépicier', 'Heloise', 'Mme', NULL),
(131, 'de Chateaub', 'Laurent', 'M.', NULL),
(132, 'Souplet', 'Prunella', 'Mme', NULL),
(133, 'Fongemie', 'Jessamine', 'Mlle', NULL),
(134, 'Mailloux', 'Simone', 'Mme', NULL),
(135, 'Course', 'Laurene', 'Mme', NULL),
(136, 'Beaulieu', 'Yvon', 'M.', NULL),
(137, 'Laramée', 'Pryor', 'M.', NULL),
(138, 'Charest', 'Halette', 'Mme', NULL),
(139, 'Laforest', 'Fabienne', 'Mme', NULL),
(140, 'Caouette', 'Orlene', NULL, NULL),
(141, 'Racine', 'Valérie', 'Mme', NULL),
(142, 'Boileau', 'Émilie', 'Mme', NULL),
(143, 'Beauchesne', 'Christophe', 'M.', NULL),
(144, 'Mailly', 'Vallis', 'M.', NULL),
(145, 'Thibault', 'Clarimunda', 'Mme', NULL),
(146, 'De La Vergne', 'Christophe', 'M.', NULL),
(147, 'Austin', 'Ignace', 'M.', NULL),
(148, 'Fournier', 'Trinette', 'Mlle', NULL),
(149, 'Gagné', 'Arianne', 'Mme', NULL),
(150, 'Fluet', 'Slainie', 'Mme', NULL),
(151, 'Dumont', 'Ancelina', 'Mme', NULL),
(152, 'Parrot', 'Campbell', 'M.', NULL),
(153, 'Courtemanche', 'Didier', 'M.', NULL),
(154, 'Marleau', 'Royce', 'M.', NULL),
(155, 'Gadbois', 'Caresse', 'Mme', NULL),
(156, 'Guertin', 'Cloridan', 'M.', NULL),
(157, 'DuLin', 'Ernest', 'M.', NULL),
(158, 'Patel', 'Honoré', 'M.', NULL),
(159, 'Hachée', 'Cher', 'Mme', NULL),
(160, 'Deschamps', 'Laurent', 'M.', NULL),
(161, 'Mercier', 'Belle', 'Mme', NULL),
(162, 'Sanschagrin', 'Garland', 'M.', NULL),
(163, 'Riquier', 'Arridano', 'M.', NULL),
(164, 'Lessard', 'Lothair', 'M.', NULL),
(165, 'Marquis', NULL, 'Mme', NULL),
(166, 'Chandonnet', 'Laetitia', 'Mlle', NULL),
(167, 'Fréchette', 'Germain', NULL, NULL),
(168, 'Quiron', 'Martin', 'M.', NULL),
(169, 'Givry', 'Beltane', 'M.', NULL),
(170, 'Beaujolie', 'Leverett', 'M.', NULL),
(171, 'Varieur', 'Josette', 'Mme', NULL),
(172, 'Dionne', 'Carole', 'Mme', NULL),
(173, 'Hervé', 'Alexandre', 'M.', NULL),
(174, 'Sanschagrin', 'Julien', 'M.', NULL),
(175, 'Aubin', 'Satordi', 'M.', NULL),
(176, 'Gauthier', 'Slainie', 'Mlle', NULL),
(177, 'Laux', NULL, 'M.', NULL),
(178, 'Gilbert', 'Emmanuelle', 'Mme', NULL),
(179, 'Patel', 'Aubert', 'M.', NULL),
(180, 'Salois', 'Melville', 'M.', NULL),
(181, 'Bureau', 'Noémi', 'Mme', NULL),
(182, 'Lapresse', 'Chantal', 'Mme', NULL),
(183, 'Berthiaume', 'Amabella', 'Mme', NULL),
(184, 'Royer', NULL, 'M.', NULL),
(185, 'Robert', 'Ganelon', 'M.', NULL),
(186, 'Mouet', 'Kari', 'Mme', NULL),
(187, 'Routhier', 'Vernon', 'M.', NULL),
(188, 'Desilets', 'Fifi', 'Mme', NULL),
(189, 'Paradis', 'Laurent', 'M.', NULL),
(190, 'Laliberté', 'Campbell', 'M.', NULL),
(191, 'Lepage', 'Cendrillon', 'Mlle', NULL),
(192, 'Cloutier', 'Garland', 'M.', NULL),
(193, 'Dumoulin', 'Archaimbau', NULL, NULL),
(194, 'Jodion', 'Aubrey', 'Mme', NULL),
(195, 'Aupry', 'Fabrice', 'M.', NULL),
(196, 'Bourgeois', 'Onfroi', 'M.', NULL),
(197, 'Lafrenière', 'Olivier', 'M.', NULL),
(198, 'Lambert', 'Clarice', 'Mme', NULL),
(199, 'DuLin', 'Saville', 'M.', NULL),
(200, 'Givry', 'Leone', 'Mme', NULL);

--
-- Déchargement des données de la table `typestitres`
--

INSERT INTO `typestitres` (`idType`, `typeTitre`) VALUES
(2, 'Ballades'),
(3, 'Chansons paillardes'),
(1, 'Comptines'),
(7, 'Country'),
(8, 'Folk'),
(6, 'Raï'),
(4, 'Ritournelles'),
(5, 'Salsa');

--
-- Déchargement des données de la table `instruments`
--

INSERT INTO `instruments` (`idInstrument`, `nomInstrument`) VALUES
(17, 'accordéon'),
(16, 'balafon'),
(20, 'bandura'),
(11, 'banjos'),
(21, 'basse'),
(3, 'batterie'),
(14, 'clarinette'),
(23, 'contrebasse'),
(6, 'djembé'),
(13, 'flûte à bec'),
(12, 'flûte de pan'),
(5, 'guitare'),
(1, 'guitare sèche'),
(4, 'harmonica'),
(19, 'harpe'),
(10, 'mandoline'),
(18, 'ocarina'),
(7, 'piano'),
(15, 'saxophone'),
(8, 'trompette'),
(9, 'ukulélé'),
(2, 'violon'),
(22, 'violoncelle');

--
-- Déchargement des données de la table `pays`
--

INSERT INTO `pays` (`idPays`, `nomPays`) VALUES
(1, 'Albanie'),
(18, 'Allemagne'),
(2, 'Andorre'),
(3, 'Arménie'),
(4, 'Autriche'),
(5, 'Azerbaïdjan'),
(7, 'Belgique'),
(6, 'Biélorussie'),
(8, 'Bosnie-Herzégovine'),
(9, 'Bulgarie'),
(11, 'Chypre'),
(10, 'Croatie'),
(13, 'Danemark'),
(44, 'Espagne'),
(14, 'Estonie'),
(15, 'Finlande'),
(16, 'France'),
(17, 'Géorgie'),
(19, 'Grèce'),
(20, 'Hongrie'),
(22, 'Irlande'),
(21, 'Islande'),
(23, 'Italie'),
(24, 'Kazakhstan'),
(25, 'Lettonie'),
(26, 'Liechtenstein'),
(27, 'Lituanie'),
(28, 'Luxembourg'),
(29, 'Macédoine'),
(30, 'Malte'),
(31, 'Moldavie'),
(32, 'Monaco'),
(33, 'Monténégro'),
(35, 'Norvège'),
(34, 'Pays-Bas'),
(36, 'Pologne'),
(37, 'Portugal'),
(38, 'Roumanie'),
(49, 'Royaume-Uni'),
(39, 'Russie'),
(40, 'Saint-Marin'),
(41, 'Serbie'),
(42, 'Slovaquie'),
(43, 'Slovénie'),
(45, 'Suède'),
(46, 'Suisse'),
(12, 'Tchéquie'),
(47, 'Turquie'),
(48, 'Ukraine'),
(50, 'Vatican');


--
-- Déchargement des données de la table `regions`
--

INSERT INTO `regions` (`idRegion`, `nomRegion`) VALUES
(93, ' Marmara'),
(24, 'Alsace'),
(95, 'Anatolie Centrale'),
(84, 'Andalousie'),
(3, 'Aragatsotn'),
(38, 'Balzers'),
(67, 'Banat'),
(61, 'Basse-Silésie'),
(76, 'Belgrade'),
(25, 'Berlin'),
(91, 'Berne '),
(100, 'Birmingham'),
(52, 'Boka Kotorska'),
(12, 'Brabant wallon'),
(79, 'Bratislava'),
(7, 'Brest'),
(23, 'Bretagne'),
(16, 'Burgas'),
(85, 'Canarias'),
(81, 'Carniole-Intérieure'),
(86, 'Castilla y Leon'),
(75, 'Chiesanuova'),
(49, 'Comino'),
(22, 'Corse'),
(94, 'Côte Egéenne'),
(98, 'Dnipro'),
(17, 'Dobrich'),
(1, 'Erevan'),
(43, 'Esch-sur-Alzette'),
(10, 'Flandre'),
(57, 'Friesland'),
(83, 'Goriska'),
(87, 'Götaland '),
(50, 'Gozo'),
(62, 'Grande-Pologne'),
(26, 'Hamburg'),
(21, 'Harju'),
(40, 'Haute Lituanie'),
(8, 'Homiel'),
(48, 'Ile de Malte'),
(97, 'Kharkiv'),
(18, 'Khaskovo'),
(96, 'Kiev'),
(71, 'Kraï de Krasnodar'),
(35, 'Kurzeme'),
(36, 'Latgale'),
(30, 'Leinster'),
(65, 'Leiria'),
(64, 'Lisbonne'),
(99, 'Londres'),
(92, 'Lucerne '),
(42, 'Luxembourg'),
(101, 'Manchester'),
(63, 'Mazovie'),
(44, 'Mersch'),
(9, 'Minsk'),
(51, 'Monaco'),
(74, 'Montegiardino'),
(28, 'Munster'),
(69, 'Munténie'),
(11, 'Namur'),
(55, 'Noord-Brabant'),
(56, 'Noord-Holland'),
(88, 'Norrland'),
(70, 'Oblast de Moscou'),
(72, 'Oblast de Sverdlovsk'),
(46, 'Pélagonie'),
(54, 'Podgorica'),
(47, 'Polog'),
(80, 'Prešov'),
(78, 'Priština'),
(39, 'Ruggell'),
(19, 'Saare'),
(27, 'Saarland'),
(73, 'Saint-Marin'),
(5, 'Salzburg'),
(41, 'Samogitie'),
(66, 'Santarém'),
(13, 'Sarajevo'),
(31, 'Sardegna'),
(2, 'Shirak'),
(32, 'Sicilia'),
(45, 'Skopje '),
(4, 'Steiermark'),
(82, 'Styrie'),
(89, 'Svealand'),
(58, 'Sørlandet '),
(20, 'Tartu'),
(6, 'Tirol'),
(33, 'Toscana'),
(68, 'Transylvanie'),
(14, 'Tuzla'),
(29, 'Ulster'),
(15, 'Una-Sana'),
(37, 'Vaduz'),
(102, 'Vatican'),
(60, 'Vestlandet'),
(77, 'Voïvodine'),
(34, 'Zemgale'),
(53, 'Zeta plain'),
(90, 'Zurich '),
(59, 'Østlandet');

--
-- Déchargement des données de la table `responsabilites`
--

INSERT INTO `responsabilites` (`idResp`, `libelleResp`) VALUES
(3, 'Chauffeur'),
(2, 'Dirigeant'),
(4, 'Habilleur'),
(1, 'Trésorier');

--
-- Déchargement des données de la table `scenes`
--

INSERT INTO `scenes` (`idScene`, `nomScene`, `adresseScene`, `villeScene`) VALUES
(1, ' Les Arènes', ' Rue Michel Chasles; 59494', 'Valenciennes'),
(2, ' L\'Aéronef', ' 168 Avenue Willy Brandt; 59777 Euralille', 'Lille'),
(3, ' Le Splendid', ' Boulevard Léon Blum; 02100 Saint-Quentin', ' Saint-Quentin'),
(4, ' AccorHotels Aréna', ' 8 Boulevard de Bercy; 75012 Paris', ' Paris'),
(5, ' Le Grand Rex', ' 1 Boulevard Poissonnière; 75002 Paris', ' Paris'),
(6, ' La Cigale', '120 Boulevard de Rochechouart; 75018 Paris', ' Paris'),
(7, ' La Merise', ' Place des Merisiers; 78190 Trappes', ' Trappes'),
(8, ' La Batterie', ' 1 Rue de la Redoute; 78280 Guyancourt', ' Guyancourt'),
(9, ' Zénith de Caen', ' 6 Rue Joseph Philippon; 14000 Caen', ' Caen'),
(10, ' Parc Anova', ' 171 Rue de Bretagne; 61000', ' Alençon'),
(11, ' L\'Espace Les Vikings	', ' 2 Chemin des Marronniers; 38100', ' Yvetot'),
(12, ' Le 106', ' Quai Jean de Béthencourt; 76000', ' Caen'),
(13, ' Arkéa Arena', ' 48-50 Avenue Jean Alfonséa; 33270 Floirac ', 'Floirac'),
(14, ' Centre de congrès', ' 1 Avenue du Midi; 47000 Agen', ' Agen'),
(15, ' Le Pin Galant', ' 34 Avenue du Maréchal de Lattre de Tassigny; 33700 Mérignac', ' Mérignac'),
(16, ' Auditorium', ' 8 cours Georges Clemenceau; 33000 Bordeaux', ' Bordeaux'),
(17, ' Gare du Midi', ' 23 Avenue du Maréchal Foch; 64200 Biarritz', ' Biarritz'),
(18, ' Théâtre de l\'Archipel', ' Avenue du Général Leclerc; 66000 Perpignan', ' Perpignan'),
(19, ' Zénith Sud', ' 2733 Avenue Albert Einstein; 34000 Montpellier', ' Montpellier'),
(20, ' Le Carré magique', ' Parvis des Droits de l\'Homme; 22300 Lannion', ' Lannion'),
(21, ' Le Bacardi', ' ZA de Kerguiniou - BP11; 22160 Callac', ' Callac'),
(22, ' Zénith d\'Orléans	', ' 1 Rue du Président Robert Schuman; 45100 Orléans', ' Orléans'),
(23, ' Hall de Belle-Isle', ' 1 Avenue Daniel Bernardet; 36000 Châteauroux', ' Chateauroux'),
(24, ' Le Grand Théâtre	', ' 34 Rue de la Scellerie; 37000 Tours', ' Tours'),
(25, ' L\'Atelier à Spectacles', ' 51A Rue de Torçay; 28500 Vernouillet', ' Vernouillet'),
(26, ' Espace André Malraux', ' 79 Rue de Varize; 28200 Châteaudun', ' Châteaudun	'),
(27, ' Espace Ligéria', ' 9 Rue de la Croix Blanche; 37270', ' Montlouis-sur-Loire	'),
(28, ' Salle Thélème', ' 3 Rue des Tanneurs; 37000 Tours ', ' Tours'),
(29, ' U Palatinu', ' 20090 Ajaccio', ' Ajaccio'),
(30, ' Galaxie', ' Rue des Artistes; 57360 Amnéville', ' Amnéville'),
(31, ' Hall Rhénus', ' 17 Boulevard de Dresde; 67000 Strasbourg', ' Strasbourg	'),
(32, ' Les Fuseaux', ' 11 Avenue Raoul Laurent; 52100 Saint-Dizier', ' Saint-Dizier	'),
(33, ' AirStrip', ' D104 F Rue de Saint Jean 57370', ' Waltembourg'),
(34, ' Parc des expositions', ' Route de La Vieille meuse; 08000', ' Charleville Mézières'),
(35, ' Tanzmatten', ' Quai de Ill; 67600 Sélestat', ' Sélestat'),
(36, ' La Passerelle', ' 50 Avenue de Lorraine; 57190 Florange', ' Florange'),
(37, ' Palais des sports', ' La Cocoteraie 97190; Le Gosier; Guadeloupe', ' Le Gosier'),
(38, ' Le Zéphir', ' Route de Montabo; Cayenne', ' Cayenne'),
(39, ' Gayant Expo', ' Route de Tournai; 59502 Douai', ' Douai'),
(40, ' Zénith de Lille', ' 1 Boulevard des Cités Unies; 59777', ' Lille'),
(41, ' Salle Calypso', ' 730 Rue Roger Martin du Gard; 62100', ' Calais'),
(42, ' Le Kursaal', ' Place du Casino; 59240', 'Dunkerque'),
(43, ' Le Chaudron', ' Rue Charles Lamarre; 62480', ' Portel'),
(44, ' Elispace', ' 3 Avenue Paul Henri Spaak; 60000', ' Beauvais'),
(45, ' Arena Loire', ' 131 Rue Ferdinand Vest; 49800 ', ' Trélazé'),
(46, ' Le Rex Cabaret', ' 4 Rue de Marclan; 31600', 'Muret'),
(47, ' Antarès', ' 2 Avenue Antarès; 72100', ' Le Mans'),
(48, ' Le Lieu Unique', ' 2 Rue de la Biscuiterie; 44000', ' Nantes'),
(49, ' Le Life', ' Boulevard de la Légion d\'Honneur; 44600 ', 'Saint-Nazaire');

--
-- Déchargement des données de la table `specialites`
--

INSERT INTO `specialites` (`idSpec`, `nomSpec`) VALUES
(5, 'Chanteur'),
(2, 'Choriste'),
(4, 'Danseur'),
(3, 'Musicien'),
(1, 'Soliste');

/* ********************
-- DECHARGEMENT DES DONNEES DES TABLES DE NIV2
*/
--
-- Déchargement des données de la table `coordonnees`
--

INSERT INTO `coordonnees` (`idCoord`, `idPays`, `idPerso`, `adressePerso`, `codePostal`, `villePerso`, `tel`, `fax`, `email`) VALUES
(1, 1, 81, '74 rue Reine Elisabeth', '48000', 'MENDE', '04 26 76 66 61', '04 26 76 66 62', 'schumer@yahoo.ca'),
(2, 1, 163, '15 Avenue des Tuileries', '23000', 'GUÉRET', '05 40 21 10 87', '05 40 21 10 88', 'neonatus@msn.com'),
(3, 2, 104, '34 boulevard Aristide Briand', '33110', 'LE BOUSCAT', '05 39 56 03 57', '05 39 56 03 58', 'jugalator@me.com'),
(4, 3, 186, '80 cours Franklin Roosevelt', '13009', 'MARSEILLE', '04 40 71 32 35', '04 40 71 32 36', 'grinder@icloud.com'),
(5, 4, 115, '31 boulevard Albin Durand', '95800', 'CERGY', '01 17 25 50 66', '01 17 25 50 67', 'bester@verizon.net'),
(6, 4, 182, '53 rue La Boétie', '75017', 'PARIS', '01 04 67 23 56', '01 04 67 23 57', 'pajas@outlook.com'),
(7, 5, 84, '6 Chemin des Bateliers', '20000', 'AJACCIO', '04 14 29 44 72', '04 14 29 44 73', 'csilvers@yahoo.ca'),
(8, 6, 164, '95 rue des six frères Ruellan', '44230', 'SAINT-SÉBASTIEN-SUR-LOIRE', '02 31 44 69 43', '02 31 44 69 44', 'esbeck@outlook.com'),
(9, 7, 34, '86 route de Lyon', '67400', 'ILLKIRCH-GRAFFENSTADEN', '03 21 05 77 76', '03 21 05 77 77', 'hutton@icloud.com'),
(10, 8, 157, '25 rue Banaudon', '69008', 'LYON', '04 07 70 11 94', '04 07 70 11 95', 'nachbaur@sbcglobal.net'),
(11, 9, 66, '49 Chemin Du Lavarin Sud', '62100', 'CALAIS', '03 22 68 81 63', '03 22 68 81 64', 'barlow@yahoo.com'),
(12, 10, 169, '95 Place Charles de Gaulle', '93250', 'VILLEMOMBLE', '01 17 39 93 12', '01 17 39 93 13', 'arathi@sbcglobal.net'),
(13, 12, 31, '85 rue Adolphe Wurtz', '43000', 'LE PUY-EN-VELAY', '04 67 09 63 11', '04 67 09 63 12', 'bradl@icloud.com'),
(14, 13, 22, '99 rue Descartes', '67000', 'STRASBOURG', '03 12 59 86 29', '03 12 59 86 210', 'joglo@msn.com'),
(15, 14, 130, '40 rue Ernest Renan', '49300', 'CHOLET', '02 57 19 91 25', '02 57 19 91 26', 'chaki@hotmail.com'),
(16, 15, 53, '17 Place Napoléon', '93150', 'LE BLANC-MESNIL', '01 97 64 78 13', '01 97 64 78 14', 'frikazoyd@optonline.net'),
(17, 16, 137, '14 Rue Hubert de Lisle', '39000', 'LONS-LE-SAUNIER', '03 68 23 02 39', '03 68 23 02 310', 'studyabr@hotmail.com'),
(18, 11, 192, '27 Rue Bonnet', '38500', 'VOIRON', '04 65 93 53 21', '04 65 93 53 22', 'dodong@mac.com'),
(19, 21, 139, '6 rue Nationale', '75003', 'PARIS', '01 81 66 12 49', '01 81 66 12 410', 'denton@comcast.net'),
(20, 29, 35, '88 rue Reine Elisabeth', '48000', 'MENDE', '04 48 83 02 16', '04 48 83 02 17', 'intlprog@yahoo.ca'),
(21, 17, 141, '93 Quai des Belges', '13016', 'MARSEILLE', '04 87 37 04 02', '04 87 37 04 03', 'garyjb@outlook.com'),
(22, 18, 170, '7 rue Nationale', '75003', 'PARIS', '01 36 84 94 02', '01 36 84 94 03', 'jrifkin@optonline.net'),
(23, 19, 61, '59 rue de l\'Epeule', '59100', 'ROUBAIX', '03 91 40 60 53', '03 91 40 60 54', 'carcus@comcast.net'),
(24, 20, 195, '30 rue des Dunes', '97150', 'SAINT-MARTIN', '05 08 59 63 95', '05 08 59 63 96', 'geeber@me.com'),
(25, 22, 177, '46 Place de la Madeleine', '75010', 'PARIS', '01 01 71 93 10', '01 01 71 93 11', 'flakeg@aol.com'),
(26, 23, 90, '97 rue des Lacs', '14200', 'HÉROUVILLE-SAINT-CLAIR', '02 16 55 40 03', '02 16 55 40 04', 'pemungkah@outlook.com'),
(27, 24, 155, '33 Rue de la Pompe', '13700', 'MARIGNANE', '04 48 86 74 11', '04 48 86 74 12', 'sokol@live.com'),
(28, 27, 108, '25 rue de la République', '69001', 'LYON', '04 09 39 11 36', '04 09 39 11 37', 'noticias@yahoo.com'),
(29, 28, 95, '89 boulevard Bryas', '92400', 'COURBEVOIE', '01 34 55 99 72', '01 34 55 99 73', 'pmint@msn.com'),
(30, 30, 147, '49 Quai des Belges', '13016', 'MARSEILLE', '04 83 50 64 73', '04 83 50 64 74', 'telbij@aol.com'),
(31, 31, 10, '72 boulevard de Prague', '93160', 'NOISY-LE-GRAND', '01 09 81 30 57', '01 09 81 30 58', 'kenja@icloud.com'),
(32, 32, 103, '57 rue de Groussay', '93110', 'ROSNY-SOUS-BOIS', '01 93 72 01 53', '01 93 72 01 54', 'madanm@yahoo.ca'),
(33, 33, 111, '72 rue Marguerite', '91170', 'VIRY-CHÂTILLON', '01 60 87 86 43', '01 60 87 86 44', 'blixem@aol.com'),
(34, 35, 39, '34 rue du Général Ailleret', '93260', 'LES LILAS', '01 63 15 27 21', '01 63 15 27 22', 'muzzy@aol.com'),
(35, 36, 135, '99 Chemin Des Bateliers', '64600', 'ANGLET', '05 47 82 15 88', '05 47 82 15 89', 'smallpaul@icloud.com'),
(36, 34, 89, '31 Rue St Ferréol', '57050', 'METZ', '03 70 85 03 87', '03 70 85 03 88', 'stewwy@gmail.com'),
(37, 37, 152, '28 avenue de Provence', '56000', 'VANNES', '02 42 27 56 79', '02 42 27 56 710', 'dmath@me.com'),
(38, 38, 187, '64 quai Saint-Nicolas', '31170', 'TOURNEFEUILLE', '05 46 40 39 47', '05 46 40 39 48', 'tattooman@att.net'),
(39, 39, 127, '39 rue Adolphe Wurtz', '76140', 'LE PETIT-QUEVILLY', '02 19 22 90 13', '02 19 22 90 14', 'mddallara@msn.com'),
(40, 40, 67, '18 rue du Général Ailleret', '93260', 'LES LILAS', '01 20 15 16 97', '01 20 15 16 98', 'arachne@me.com'),
(41, 41, 100, '62 rue Porte d\'Orange', '33150', 'CENON', '05 00 66 19 78', '05 00 66 19 79', 'reziac@comcast.net'),
(42, 42, 143, '71 Rue de Verdun', '91230', 'MONTGERON', '01 54 10 37 96', '01 54 10 37 97', 'ramollin@yahoo.ca'),
(43, 43, 198, '90 rue du Président Roosevelt', '78500', 'SARTROUVILLE', '01 91 93 05 50', '01 91 93 05 51', 'gator@hotmail.com'),
(44, 44, 50, '76 rue du Président Roosevelt', '67300', 'SCHILTIGHEIM', '03 31 12 20 59', '03 31 12 20 510', 'kmself@live.com'),
(45, 45, 126, '41 rue Descartes', '94370', 'SUCY-EN-BRIE', '01 37 47 67 05', '01 37 47 67 06', 'suresh@sbcglobal.ne'),
(46, 46, 16, '41 place Maurice-Charretier', '94500', 'CHAMPIGNY-SUR-MARNE', '01 26 20 25 28', '01 26 20 25 29', 'rwelty@yahoo.com'),
(47, 47, 45, '44 Place Charles de Gaulle', '59650', 'VILLENEUVE-D\'ASCQ', '03 49 42 05 55', '03 49 42 05 56', 'skaufman@att.net'),
(48, 49, 122, '94 place Stanislas', '92000', 'NANTERRE', '01 77 40 30 21', '01 77 40 30 22', 'choset@outlook.com'),
(49, 50, 165, '55 place Maurice-Charretier', '94500', 'CHAMPIGNY-SUR-MARNE', '01 88 72 01 06', '01 88 72 01 07', 'demmel@aol.com'),
(50, 48, 181, '31 Place du Jeu de Paume', '38200', 'VIENNE', '04 15 70 49 35', '04 15 70 49 36', 'dinther@me.com');

--
-- Déchargement des données de la table `groupes`
--

INSERT INTO `groupes` (`idGroupe`, `idRegion`, `idCorresp`, `idPays`, `denomination`) VALUES
(1, 98, 50, 10, 'La Galopine'),
(2, 100, 50, 35, 'ABraCaDanser'),
(3, 87, 198, 38, 'La Pastourelle de la Vence'),
(4, 25, 181, 13, 'Le coup de Grisou'),
(5, 4, 16, 7, 'Alchimère'),
(6, 38, 45, 33, 'Isopothes'),
(7, 42, 104, 35, 'Antirouille'),
(8, 11, 135, 20, 'Apropodunom'),
(9, 56, 163, 4, 'Arasta Bazaar'),
(10, 38, 164, 3, 'Badegoule'),
(11, 56, 90, 34, 'Bal à fond'),
(12, 70, 89, 19, 'Le Sextet à Claques'),
(13, 57, 143, 38, 'Bal Perdu'),
(14, 24, 67, 34, 'Barbar\'O\'Rhum'),
(15, 101, 81, 40, 'BogZH Celtic Cats'),
(16, 50, 147, 21, 'C\'est Sa Bru'),
(17, NULL, 84, 29, 'Cac\'Oc Phonie'),
(18, 97, 53, 13, 'Captain Flint'),
(19, 95, 31, 3, 'Chauffe La Breizh'),
(20, 93, 157, 37, 'Des gars des eaux'),
(21, 100, 192, 3, 'Drôles de Groles'),
(22, 97, 39, 6, 'Edelweiss pipers - Le pipe band de Chambery'),
(23, 31, 61, 4, 'Eléctrons libres'),
(24, 55, 108, 2, 'Fan de Bruch'),
(25, 101, 130, 5, 'Fanfare bretonne du pays de Rennes'),
(26, 7, 67, 46, 'Folk Gang Amadeus'),
(27, 63, 152, 1, 'Folk you'),
(28, 91, 95, 39, 'Gogira'),
(29, 78, 22, 19, 'Génération Métissaz Réynion 974'),
(30, 12, 137, 1, 'Houle du large'),
(31, 71, 100, 28, 'Incidance'),
(32, 35, 34, 26, 'Ked\'la Gueule'),
(33, 90, 187, 43, 'La Belle Lurette'),
(34, 102, 10, 37, 'La Boit\'afolk'),
(35, 87, 164, 22, 'La Chouette Velue');

--
-- Déchargement des données de la table `rencontres`
--

INSERT INTO `rencontres` (`idRencontre`, `idPerso`, `nomRencontre`, `villeRencontre`, `dateDebut`, `dateFin`, `nbPersonnesAttendues`, `periodicite`, `annulRencontre`) VALUES
(1,177,'nancy folklo pulsations','Nancy','2017-1-20','2017-1-22',7000,365,0),
(2,177,'nancy folklo pulsations','Nancy','2018-1-19','2018-1-20',7500,365,0),
(3,177,'nancy folklo pulsations','Nancy','2019-1-18','2019-1-20',8000,365,0),
(4,177,'nancy folklo pulsations','Nancy','2020-1-17','2020-1-19',8500,365,0),
(8,103,'la madine','Caen','2017-7-5','2017-7-9',300,183,0),
(9,103,'la madine','Caen','2018-7-8','2018-7-12',315,183,1),
(10,103,'la madine','Caen','2019-7-7','2019-7-11',900,183,0),
(5,35,'les jasmins','Lyon','2018-4-1','2018-4-5',4000,730,0),
(6,35,'les jasmins','Lyon','2019-4-7','2019-4-11',5000,730,0),
(7,35,'les jasmins','Lyon','2020-4-5','2020-4-9',5500,730,0),
(11,165,'venicia','Nice','2018-11-2','2018-11-8',8000,365,0),
(12,165,'venicia','Nice','2019-11-1','2019-11-7',7000,365,0),
(13,165,'venicia','Nice','2020-10-30','2020-11-5',9000,365,0),
(14,182,'peupliers','Paris','2019-8-5','2019-8-7',13000,365,0),
(15,182,'peupliers','Paris','2020-8-5','2020-8-7',14100,365,0),
(16,182,'peupliers','Paris','2021-8-5','2021-8-7',15000,365,0);

--
-- Déchargement des données de la table `titres`
--

INSERT INTO `titres` (`idTitre`, `idType`, `titre`, `epoque`, `duree`) VALUES
(1, 4, 'À la claire fontaine', 'Du temps jadis', '00:03:35'),
(2, 1, 'A la pêche aux moules', 'Air de ménestrel', '00:04:25'),
(3, 4, 'À la volette (Mon petit oiseau)', 'Air de ménestrel', '00:04:45'),
(4, 3, 'À Saint-Malo, beau port de mer', 'Air d\'autrefois', '00:03:55'),
(5, 3, 'À Saint-Nazaire y a une brune', 'Air d\'autrefois', '00:05:15'),
(6, 8, 'Ah ! Si j\'te pogne', 'Air d\'autrefois', '00:04:25'),
(7, 8, 'Ah! si mon moine voulait danser', 'Air de ménestrel', '00:04:45'),
(8, 8, 'Ah! toi belle hirondelle', 'Air de ménestrel', '00:03:55'),
(9, 1, 'Alouette', 'Air d\'autrefois', '00:04:27'),
(10, 1, 'Au clair de la lune', 'Du temps jadis', '00:05:08'),
(11, 2, 'Au royaume du Bonhomme Hiver', 'Air d\'autrefois', '00:02:42'),
(12, 3, 'Au trente-et-un du mois d\'août', 'Air de ménestrel', '00:04:15'),
(13, 3, 'Auprès de ma blonde', 'Du temps jadis', '00:05:16'),
(14, 8, 'Bella Ciao', 'Air de ménestrel', '00:07:02'),
(15, 3, 'Boire un petit coup, c\'est agréable', 'Air de ménestrel', '00:05:25'),
(16, 3, 'Le bon curé bien aimé', 'Du temps jadis', '00:03:35'),
(17, 1, 'Le Bonhomme de neige', 'Du temps jadis', '00:05:15'),
(18, 3, 'C\'est à boire', 'Du temps jadis', '00:04:29'),
(19, 4, 'C\'est dans le mois de mai', 'Air d\'autrefois', '00:06:42'),
(20, 3, 'C\'est l\'aviron', 'Air de ménestrel', '00:02:34'),
(21, 4, 'C\'est Noël', 'Air de ménestrel', '00:04:27'),
(22, 3, 'Le Carnage dans le village', 'Air de ménestrel', '00:05:08'),
(23, 3, 'Chanson polyglote (C\'est Thérèse qui rit', 'Du temps jadis', '00:02:42'),
(24, 3, 'Chant des Marais', 'Air de ménestrel', '00:04:15'),
(25, 2, 'Le Chevalier du guet', 'Du temps jadis', '00:05:16'),
(26, 2, 'Chevaliers de la table ronde', 'Du temps jadis', '00:07:02'),
(27, 1, 'Clementine', 'Air d\'autrefois', '00:05:25'),
(28, 3, 'Cri-cra-cra Bazina', 'Air de ménestrel', '00:03:35'),
(29, 2, 'Dans les prisons de Londres', 'Air de ménestrel', '00:04:25'),
(30, 4, 'Dans mon pays d\'Espagne', 'Air d\'autrefois', '00:04:45'),
(31, 3, 'Dans Paris y a-t-une brune', 'Air d\'autrefois', '00:03:55'),
(32, 1, 'Dansons la capucine', 'Du temps jadis', '00:05:15'),
(33, 2, 'Dansons ma bergère joliment', 'Du temps jadis', '00:04:29'),
(34, 4, 'Douce nuit, sainte nuit', 'Air de ménestrel', '00:04:45'),
(35, 8, 'Eh ho pêcheur', 'Air de ménestrel', '00:03:55'),
(36, 8, 'Elle descend de la montagne', 'Du temps jadis', '00:05:15'),
(37, 1, 'L\'Empereur, sa femme et le p\'tit prince', 'Du temps jadis', '00:04:29'),
(38, 3, 'En passant par la Lorraine', 'Du temps jadis', '00:04:45'),
(39, 2, 'L\'Enfant au tambour', 'Air de ménestrel', '00:03:55'),
(40, 4, 'Entre le boeuf et l\'âne gris', 'Du temps jadis', '00:05:15'),
(41, 4, 'Et moi je m\'en passe', 'Air d\'autrefois', '00:04:25'),
(42, 2, 'Étoile des neiges', 'Air de ménestrel', '00:04:45'),
(43, 3, 'Farme ta gueule, laisse-moi chanter', 'Air de ménestrel', '00:03:55'),
(44, 3, 'Les Filles de La Rochelle', 'Du temps jadis', '00:04:27'),
(45, 2, 'Les Fleurs sont fleuries', 'Air d\'autrefois', '00:05:08'),
(46, 1, 'Gentil coquelicot', 'Du temps jadis', '00:02:42'),
(47, 8, 'Glory, Glory, Alléluia', 'Air de ménestrel', '00:04:15'),
(48, 3, 'Le Gros chien du pére Martin', 'Air d\'autrefois', '00:05:16'),
(49, 4, 'Happy Birthday to You', 'Air de ménestrel', '00:07:02'),
(50, 4, 'Il est né le divin enfant', 'Du temps jadis', '00:05:25'),
(51, 1, 'Il était un petit homme', 'Du temps jadis', '00:03:35'),
(52, 1, 'Il était un petit navire', 'Du temps jadis', '00:05:15'),
(53, 2, 'Il était une bergère', 'Air de ménestrel', '00:04:29'),
(54, 2, 'Isabeau', 'Du temps jadis', '00:06:42'),
(55, 3, 'J\'ai la kekette qui colle', 'Air d\'autrefois', '00:02:34'),
(56, 3, 'J\'ai une méchante mère', 'Air d\'autrefois', '00:04:27'),
(57, 3, 'J\'ai vu maman embrasser le Père Noël', 'Air de ménestrel', '00:05:08'),
(58, 2, 'J\'entends le coucou', 'Du temps jadis', '00:02:42'),
(59, 3, 'J\'fais pipi sur l\'gazon', 'Air de ménestrel', '00:04:15'),
(60, 8, 'J\'irai revoir ma normandie', 'Air d\'autrefois', '00:05:16'),
(61, 3, 'Le Jardinier du couvent', 'Du temps jadis', '00:07:02'),
(62, 2, 'Je cherche fortune', 'Air de ménestrel', '00:05:25'),
(63, 1, 'Jean Petit qui danse', 'Du temps jadis', '00:07:02'),
(64, 1, 'Jeanneton prend sa faucille', 'Air d\'autrefois', '00:05:25'),
(65, 8, 'Le Joueur de luth', 'Air de ménestrel', '00:03:35'),
(66, 8, 'Là-haut sur la montagne', 'Du temps jadis', '00:04:25'),
(67, 3, 'Lève ton verre', 'Air d\'autrefois', '00:04:45'),
(68, 1, 'La Licorne', 'Air d\'autrefois', '00:03:55'),
(69, 2, 'Malbrough s\'en va-t\'en guerre', 'Du temps jadis', '00:05:15'),
(70, 2, 'Meunier s\'en va-t-à son moulin', 'Du temps jadis', '00:04:29'),
(71, 4, 'Mon beau sapin', 'Air de ménestrel', '00:04:45'),
(72, 2, 'Ne pleure pas Jeannette', 'Air d\'autrefois', '00:03:55'),
(73, 2, 'Nous n\'irons plus au bois', 'Du temps jadis', '00:05:15'),
(74, 4, 'Petit Papa Noël', 'Air de ménestrel', '00:04:29'),
(75, 2, 'Pirouette, cacahuète', 'Du temps jadis', '00:04:45'),
(76, 3, 'Prendre un p\'tit coup', 'Air de ménestrel', '00:03:55'),
(77, 4, 'Qui peut faire de la voile sans vent ?', 'Air de ménestrel', '00:05:15'),
(78, 4, 'Le Roi dagobert', 'Du temps jadis', '00:04:25'),
(79, 3, 'La Soutane du curé', 'Du temps jadis', '00:04:45'),
(80, 2, 'Trois jeunes tambours', 'Du temps jadis', '00:03:55'),
(81, 2, 'Trois matelots du port de Brest', 'Air d\'autrefois', '00:04:27'),
(82, 4, 'V\'là l\'bon vent', 'Du temps jadis', '00:05:08'),
(83, 4, 'Vive le vent', 'Air de ménestrel', '00:02:42'),
(84, 8, 'Youkaïdi', 'Air d\'autrefois', '00:04:15');

/* ********************
-- DECHARGEMENT DES DONNEES DES TABLES DE NIV3
*/
--
-- Déchargement des données de la table `ecrit`
--

INSERT INTO `ecrit` (`idTitre`, `idPerso`) VALUES
(81, 1),
(67, 10),
(40, 12),
(17, 16),
(54, 18),
(60, 19),
(4, 22),
(82, 35),
(32, 38),
(5, 39),
(66, 39),
(76, 41),
(47, 43),
(15, 44),
(36, 45),
(61, 45),
(9, 46),
(55, 51),
(56, 54),
(38, 55),
(9, 56),
(52, 56),
(38, 58),
(56, 61),
(27, 62),
(80, 62),
(65, 64),
(63, 73),
(50, 74),
(67, 76),
(74, 82),
(6, 84),
(47, 90),
(68, 92),
(28, 94),
(27, 100),
(33, 100),
(73, 100),
(56, 108),
(60, 108),
(62, 109),
(30, 110),
(18, 114),
(58, 117),
(7, 120),
(27, 120),
(31, 120),
(3, 122),
(33, 126),
(67, 127),
(68, 129),
(24, 131),
(10, 132),
(24, 136),
(55, 136),
(43, 138),
(45, 139),
(7, 140),
(20, 141),
(49, 141),
(38, 145),
(19, 148),
(23, 150),
(49, 150),
(56, 156),
(47, 158),
(53, 159),
(14, 161),
(31, 161),
(18, 164),
(62, 166),
(65, 168),
(64, 170),
(5, 172),
(49, 175),
(14, 179),
(80, 180),
(40, 183),
(44, 183),
(57, 188),
(50, 193),
(59, 194),
(48, 197),
(21, 199);

--
-- Déchargement des données de la table `estmembre`
--

INSERT INTO `estmembre` (`idPerso`, `idGroupe`, `idSpec`, `dateAdhesion`, `dateRupture`, `disponibilite`) VALUES
(1, 9, 2, '2018-02-01', NULL, 1),
(1, 10, 1, '2015-01-01', NULL, 1),
(2, 9, 2, '2015-01-02', NULL, 1),
(3, 8, 3, '2015-01-03', NULL, 1),
(4, 6, 3, '2016-12-12', NULL, 1),
(4, 7, 1, '2015-01-04', NULL, 1),
(5, 6, 2, '2015-01-05', NULL, 1),
(6, 5, 3, '2015-01-06', NULL, 1),
(7, 4, 1, '2015-01-07', NULL, 1),
(8, 3, 2, '2015-01-08', NULL, 1),
(9, 2, 3, '2015-01-09', NULL, 1),
(10, 1, 1, '2015-01-10', NULL, 1),
(11, 10, 2, '2015-01-11', '2019-01-01', 0),
(12, 9, 3, '2015-01-12', NULL, 1),
(13, 8, 1, '2015-01-13', NULL, 1),
(14, 7, 2, '2015-01-14', NULL, 1),
(15, 6, 3, '2015-01-15', NULL, 1),
(16, 5, 1, '2015-01-16', NULL, 0),
(17, 4, 2, '2015-01-17', NULL, 1),
(18, 3, 3, '2015-01-18', NULL, 1),
(19, 2, 1, '2015-01-19', NULL, 1),
(20, 1, 2, '2015-01-20', NULL, 1),
(21, 30, 3, '2015-01-21', NULL, 1),
(22, 29, 1, '2015-01-22', NULL, 1),
(23, 27, 1, '2016-03-15', NULL, 1),
(23, 28, 2, '2015-01-23', '2018-02-19', 0),
(24, 27, 3, '2015-01-24', NULL, 1),
(25, 26, 1, '2015-01-25', NULL, 1),
(26, 25, 2, '2015-01-26', NULL, 1),
(27, 24, 3, '2015-01-27', NULL, 1),
(28, 23, 1, '2015-01-28', NULL, 1),
(29, 22, 2, '2015-01-29', NULL, 1),
(30, 21, 3, '2015-01-30', NULL, 1),
(31, 30, 1, '2015-01-31', NULL, 1),
(32, 29, 2, '2016-02-01', NULL, 1),
(33, 28, 3, '2016-02-02', NULL, 1),
(34, 27, 1, '2016-02-03', '2018-04-13', 0),
(35, 26, 2, '2016-02-04', NULL, 1),
(36, 25, 3, '2016-02-05', NULL, 1),
(37, 24, 1, '2016-02-06', NULL, 1),
(38, 23, 2, '2016-02-07', NULL, 1),
(39, 22, 3, '2016-02-08', NULL, 1),
(40, 21, 1, '2016-02-09', NULL, 1),
(41, 10, 2, '2016-02-10', NULL, 1),
(42, 9, 3, '2016-02-11', NULL, 1),
(43, 8, 1, '2016-02-12', NULL, 1),
(44, 7, 2, '2016-02-13', NULL, 0),
(45, 6, 3, '2016-02-14', NULL, 1),
(46, 5, 1, '2016-02-15', NULL, 1),
(47, 4, 2, '2016-02-16', NULL, 1),
(48, 3, 3, '2016-02-17', NULL, 1),
(49, 2, 1, '2016-02-18', NULL, 1),
(50, 1, 2, '2017-02-19', NULL, 1),
(51, 20, 3, '2017-02-20', NULL, 1),
(52, 19, 1, '2017-02-21', NULL, 1),
(53, 18, 2, '2017-02-22', NULL, 1),
(54, 17, 3, '2017-02-23', NULL, 1),
(55, 16, 1, '2017-02-24', NULL, 1),
(56, 15, 2, '2017-02-25', NULL, 1),
(57, 14, 3, '2017-02-26', '2018-11-23', 0),
(58, 13, 1, '2017-02-27', NULL, 1),
(59, 12, 2, '2017-02-28', NULL, 1),
(60, 11, 3, '2017-03-01', NULL, 1),
(61, 20, 1, '2017-03-02', NULL, 1),
(62, 19, 2, '2017-03-03', NULL, 1),
(63, 18, 3, '2017-03-04', NULL, 1),
(64, 17, 1, '2017-03-05', NULL, 1),
(65, 16, 2, '2017-03-06', NULL, 1),
(66, 15, 3, '2017-03-07', NULL, 1),
(67, 14, 1, '2018-03-08', NULL, 1),
(68, 13, 2, '2018-03-09', NULL, 1),
(69, 12, 3, '2018-03-10', NULL, 1),
(70, 11, 1, '2018-03-11', NULL, 1),
(71, 20, 2, '2018-03-12', NULL, 1),
(72, 19, 3, '2018-03-13', NULL, 0),
(73, 18, 1, '2018-03-14', NULL, 1),
(74, 17, 2, '2018-03-15', NULL, 1),
(75, 16, 3, '2018-03-16', NULL, 1),
(76, 15, 1, '2018-03-17', NULL, 1),
(77, 14, 2, '2018-03-18', NULL, 1),
(78, 13, 3, '2018-03-19', NULL, 1),
(79, 12, 1, '2018-03-20', NULL, 1),
(80, 11, 2, '2018-03-21', '2019-01-30', 0),
(81, 20, 3, '2018-03-22', NULL, 1),
(82, 19, 1, '2018-03-23', NULL, 1),
(83, 18, 2, '2018-03-24', NULL, 1),
(84, 17, 3, '2018-03-25', NULL, 1),
(85, 16, 1, '2018-03-26', NULL, 1),
(86, 15, 2, '2018-03-27', NULL, 1),
(87, 14, 3, '2018-03-28', NULL, 1),
(88, 13, 1, '2018-03-29', NULL, 1),
(89, 12, 2, '2018-03-30', NULL, 1),
(90, 11, 3, '2018-03-31', NULL, 1),
(91, 35, 1, '2018-04-01', NULL, 1),
(92, 34, 2, '2018-04-02', NULL, 1),
(93, 33, 3, '2018-04-03', NULL, 1),
(94, 32, 1, '2019-01-01', NULL, 1),
(95, 31, 2, '2019-01-02', NULL, 1),
(96, 35, 3, '2019-01-03', NULL, 0),
(97, 34, 1, '2019-01-04', NULL, 1),
(98, 33, 2, '2019-01-05', NULL, 1),
(99, 32, 3, '2019-01-06', NULL, 1),
(100, 31, 2, '2019-01-07', NULL, 1),
(101, 25, 4, '2015-12-06', NULL, 1),
(102, 26, 5, '2016-11-18', NULL, 1),
(103, 27, 4, '2017-10-13', NULL, 1),
(104, 28, 5, '2016-10-16', NULL, 1),
(105, 29, 4, '2017-09-13', NULL, 1),
(106, 30, 5, '2017-10-14', NULL, 1),
(107, 31, 4, '2018-05-16', NULL, 1),
(108, 32, 5, '2018-09-13', NULL, 1),
(109, 33, 4, '2016-09-14', NULL, 1),
(110, 34, 5, '2017-07-16', NULL, 1);

--
-- Déchargement des données de la table `estresponsable`
--

INSERT INTO `estresponsable` (`idResp`, `idGroupe`, `idPerso`) VALUES
(1, 1, 20),
(2, 1, 10),
(4, 1, 50),
(1, 2, 19),
(2, 2, 9),
(4, 2, 49),
(1, 3, 18),
(2, 3, 8),
(4, 3, 48),
(1, 4, 17),
(2, 4, 7),
(4, 4, 47),
(1, 5, 16),
(2, 5, 6),
(4, 5, 46),
(1, 6, 5),
(2, 6, 4),
(3, 6, 45),
(4, 6, 15),
(1, 7, 14),
(2, 7, 4),
(4, 7, 44),
(1, 8, 13),
(2, 8, 3),
(4, 8, 43),
(1, 9, 2),
(2, 9, 1),
(4, 9, 12),
(1, 10, 11),
(2, 10, 1),
(4, 10, 41),
(1, 11, 70),
(2, 11, 60),
(4, 11, 80),
(2, 12, 69),
(3, 12, 79),
(2, 13, 58),
(3, 13, 68),
(2, 14, 57),
(3, 14, 67),
(2, 15, 56),
(3, 15, 66),
(2, 16, 55),
(3, 16, 65),
(2, 17, 54),
(3, 17, 64),
(2, 18, 53),
(3, 18, 63),
(2, 19, 52),
(3, 19, 62),
(2, 20, 51),
(3, 20, 61),
(2, 21, 30),
(3, 21, 40),
(2, 22, 29),
(3, 22, 39),
(2, 23, 28),
(2, 24, 27),
(2, 25, 26),
(2, 26, 25),
(2, 27, 23),
(2, 28, 23),
(2, 29, 22),
(2, 30, 21),
(2, 31, 95),
(2, 32, 94),
(2, 33, 93),
(2, 34, 92),
(2, 35, 91);

--
-- Déchargement des données de la table `interprete`
--

INSERT INTO `interprete` (`idGroupe`, `iDTITRE`) VALUES
(4, 1),
(1, 2),
(2, 2),
(2, 3),
(1, 4),
(3, 5),
(4, 5),
(5, 6),
(5, 7),
(3, 8),
(6, 8),
(6, 9),
(3, 10),
(6, 11),
(8, 12),
(7, 13),
(9, 14),
(8, 15),
(9, 16),
(10, 17),
(8, 18),
(10, 18),
(12, 19),
(11, 20),
(13, 21),
(11, 22),
(15, 22),
(12, 23),
(14, 24),
(15, 25),
(14, 26),
(14, 27),
(16, 28),
(15, 29),
(17, 30),
(16, 31),
(18, 32),
(17, 33),
(18, 34),
(19, 34),
(17, 36),
(18, 36),
(20, 37),
(19, 38),
(19, 39),
(20, 39),
(21, 40),
(22, 40),
(20, 41),
(22, 42),
(21, 43),
(22, 44),
(21, 45),
(23, 46),
(23, 47),
(24, 48),
(25, 48),
(24, 49),
(23, 50),
(24, 50),
(25, 50),
(25, 51),
(26, 52),
(25, 53),
(26, 54),
(25, 55),
(27, 56),
(27, 57),
(27, 58),
(26, 59),
(27, 59),
(28, 60),
(30, 60),
(29, 61),
(28, 62),
(29, 63),
(29, 64),
(28, 65),
(30, 66),
(30, 67),
(31, 68),
(30, 69),
(31, 70),
(31, 71),
(32, 72),
(32, 73),
(31, 74),
(34, 75),
(33, 76),
(33, 77),
(34, 78),
(33, 79),
(14, 80),
(33, 81),
(34, 81),
(34, 82),
(4, 83),
(6, 84);

--
-- Déchargement des données de la table `joue`
--

INSERT INTO `joue` (`idInstrument`, `idGroupe`, `idPerso`) VALUES
(5, 1, 10),
(16, 1, 20),
(22, 1, 50),
(4, 2, 9),
(17, 2, 19),
(21, 2, 49),
(3, 3, 8),
(20, 3, 48),
(5, 4, 7),
(20, 4, 47),
(22, 4, 17),
(4, 5, 6),
(17, 5, 46),
(22, 5, 16),
(2, 6, 5),
(5, 6, 4),
(10, 6, 15),
(16, 6, 45),
(1, 7, 4),
(9, 7, 14),
(14, 7, 44),
(3, 8, 3),
(8, 8, 13),
(13, 8, 43),
(5, 9, 1),
(5, 9, 42),
(7, 9, 2),
(7, 9, 12),
(1, 10, 1),
(1, 10, 41),
(6, 10, 11),
(1, 11, 90),
(12, 11, 60),
(14, 11, 80),
(23, 11, 70),
(6, 12, 89),
(11, 12, 59),
(13, 12, 79),
(22, 12, 69),
(10, 13, 58),
(12, 13, 78),
(21, 13, 68),
(22, 13, 88),
(9, 14, 57),
(11, 14, 77),
(20, 14, 67),
(21, 14, 87),
(8, 15, 56),
(10, 15, 76),
(19, 15, 66),
(20, 15, 86),
(7, 16, 55),
(9, 16, 75),
(18, 16, 65),
(19, 16, 85),
(6, 17, 54),
(8, 17, 74),
(16, 17, 64),
(18, 17, 84),
(4, 18, 53),
(7, 18, 73),
(15, 18, 63),
(17, 18, 83),
(3, 19, 52),
(6, 19, 72),
(14, 19, 62),
(16, 19, 82),
(2, 20, 51),
(2, 20, 71),
(13, 20, 61),
(15, 20, 81),
(1, 21, 40),
(8, 21, 30),
(5, 22, 29),
(11, 22, 39),
(6, 23, 28),
(7, 23, 38),
(5, 24, 27),
(6, 24, 37),
(1, 25, 26),
(4, 25, 36),
(12, 25, 101),
(1, 26, 25),
(4, 26, 35),
(13, 26, 102),
(10, 27, 23),
(10, 27, 34),
(11, 27, 24),
(14, 27, 103),
(9, 28, 23),
(11, 28, 33),
(15, 28, 104),
(7, 29, 32),
(8, 29, 22),
(16, 29, 105),
(9, 30, 31),
(17, 30, 106),
(19, 30, 21),
(5, 31, 95),
(11, 31, 100),
(18, 31, 107),
(1, 32, 94),
(1, 32, 108),
(10, 32, 99),
(2, 33, 109),
(3, 33, 93),
(9, 33, 98),
(2, 34, 92),
(3, 34, 110),
(8, 34, 97),
(5, 35, 91),
(7, 35, 96);

--
-- Déchargement des données de la table `representations`
--

INSERT INTO `representations` (`idRepresentation`, `idRencontre`, `idScene`, `idGroupe`, `dateRepresentation`, `heureDebut`, `heureFin`, `annuleRepresentation`) VALUES
(1,1,2,14,'2017-1-20','18:43:00','19:26:00',0),
(2,1,2,6,'2017-1-20','20:52:00','21:36:00',1),
(3,1,4,8,'2017-1-21','16:19:00','17:2:00',0),
(4,1,19,15,'2017-1-22','22:48:00','23:31:00',0),
(5,1,19,9,'2017-1-22','17:31:00','18:14:00',0),
(6,2,41,20,'2018-1-19','16:19:00','17:2:00',0),
(7,2,28,20,'2018-1-19','18:43:00','19:26:00',1),
(8,2,28,18,'2018-1-19','19:55:00','20:38:00',0),
(9,2,47,17,'2018-1-19','17:16:00','18:0:00',0),
(10,2,4,17,'2018-1-20','20:52:00','21:36:00',0),
(11,2,10,32,'2018-1-20','17:45:00','18:28:00',0),
(12,3,8,21,'2019-1-18','19:55:00','20:38:00',0),
(13,3,33,28,'2019-1-18','22:4:00','22:48:00',1),
(14,3,33,34,'2019-1-19','16:4:00','16:48:00',0),
(15,3,49,27,'2019-1-20','17:45:00','18:28:00',1),
(16,4,36,15,'2020-1-17','18:43:00','19:26:00',0),
(17,4,13,27,'2020-1-18','20:38:00','21:21:00',0),
(18,4,37,16,'2020-1-18','18:14:00','18:57:00',0),
(19,4,25,7,'2020-1-19','21:50:00','22:33:00',0),
(20,5,4,6,'2018-4-4','21:7:00','21:50:00',0),
(21,5,30,21,'2018-4-3','21:21:00','22:4:00',0),
(22,5,17,17,'2018-4-2','16:19:00','17:2:00',0),
(23,5,2,16,'2018-4-1','18:14:00','18:57:00',0),
(24,5,9,25,'2018-4-5','19:55:00','20:38:00',0),
(25,6,29,8,'2019-4-7','19:55:00','20:38:00',0),
(26,6,26,29,'2019-4-9','20:52:00','21:36:00',0),
(27,6,25,1,'2019-4-7','20:38:00','21:21:00',0),
(28,6,14,1,'2019-4-11','23:2:00','23:45:00',0),
(29,6,39,13,'2019-4-8','22:48:00','23:31:00',0),
(30,6,3,12,'2019-4-11','23:2:00','23:45:00',0),
(31,7,49,12,'2020-4-6','18:0:00','18:43:00',0),
(32,7,7,21,'2020-4-8','18:28:00','19:12:00',0),
(33,7,45,3,'2020-4-8','17:31:00','18:14:00',0),
(34,7,24,17,'2020-4-6','16:19:00','17:2:00',0),
(35,7,9,23,'2020-4-7','18:43:00','19:26:00',0),
(36,8,7,31,'2017-7-8','17:2:00','17:45:00',0),
(37,8,32,7,'2017-7-6','20:24:00','21:7:00',0),
(38,8,7,4,'2017-7-5','16:33:00','17:16:00',0),
(39,8,46,21,'2017-7-8','19:26:00','20:9:00',0),
(40,9,38,32,'2018-7-11','18:0:00','18:43:00',0),
(41,9,25,14,'2018-7-12','22:48:00','23:31:00',0),
(42,9,37,17,'2018-7-12','23:2:00','23:45:00',0),
(43,9,48,14,'2018-7-8','20:52:00','21:36:00',0),
(44,9,14,11,'2018-7-10','22:4:00','22:48:00',0),
(45,9,10,25,'2018-7-8','17:31:00','18:14:00',0),
(46,10,9,24,'2019-7-9','17:31:00','18:14:00',0),
(47,10,48,25,'2019-7-8','19:12:00','19:55:00',0),
(48,10,41,14,'2019-7-11','19:55:00','20:38:00',0),
(49,10,42,28,'2019-7-10','19:40:00','20:24:00',0),
(50,10,18,22,'2019-7-9','21:36:00','22:19:00',0),
(51,11,29,8,'2018-11-4','18:57:00','19:40:00',0),
(52,11,26,6,'2018-11-2','21:21:00','22:4:00',0),
(53,11,16,5,'2018-11-7','18:0:00','18:43:00',0),
(54,11,6,6,'2018-11-3','19:40:00','20:24:00',0),
(55,11,43,9,'2018-11-8','18:0:00','18:43:00',0),
(56,11,20,13,'2018-11-5','16:48:00','17:31:00',0),
(57,12,31,27,'2019-11-5','20:24:00','21:7:00',0),
(58,12,30,14,'2019-11-5','18:28:00','19:12:00',0),
(59,12,9,18,'2019-11-3','17:45:00','18:28:00',0),
(60,12,47,1,'2019-11-2','18:0:00','18:43:00',0),
(61,12,31,24,'2019-11-6','17:2:00','17:45:00',0),
(62,13,43,12,'2020-11-1','18:43:00','19:26:00',0),
(63,13,21,22,'2020-10-31','16:4:00','16:48:00',0),
(64,13,32,28,'2020-10-31','18:28:00','19:12:00',0),
(65,13,48,33,'2020-11-3','21:50:00','22:33:00',0),
(66,13,43,20,'2020-11-2','19:40:00','20:24:00',0),
(67,13,23,9,'2020-11-2','16:4:00','16:48:00',0),
(68,13,34,2,'2020-11-1','19:12:00','19:55:00',0),
(69,13,26,26,'2020-10-30','18:43:00','19:26:00',0),
(70,13,48,11,'2020-11-2','20:9:00','20:52:00',0),
(71,14,24,19,'2019-8-7','22:33:00','23:16:00',0),
(72,14,10,4,'2019-8-5','18:43:00','19:26:00',0),
(73,14,5,34,'2019-8-7','18:43:00','19:26:00',0),
(74,14,36,25,'2019-8-6','17:2:00','17:45:00',0),
(75,14,20,16,'2019-8-6','20:9:00','20:52:00',0),
(76,14,33,35,'2019-8-5','19:40:00','20:24:00',0),
(77,14,29,8,'2019-8-5','21:21:00','22:4:00',0),
(78,15,32,8,'2020-8-6','17:2:00','17:45:00',0),
(79,15,14,25,'2020-8-6','17:2:00','17:45:00',0),
(80,15,41,1,'2020-8-7','18:43:00','19:26:00',0),
(81,15,46,35,'2020-8-6','22:4:00','22:48:00',0),
(82,16,5,15,'2021-8-7','17:2:00','17:45:00',0),
(83,16,6,1,'2021-8-6','21:36:00','22:19:00',0),
(84,16,43,2,'2021-8-6','18:57:00','19:40:00',0),
(85,16,13,34,'2021-8-7','21:7:00','21:50:00',0),
(86,16,3,22,'2021-8-6','18:57:00','19:40:00',0);


/* ********************
-- DECHARGEMENT DES DONNEES DE LA TABLE DE NIV4
*/
--
-- Déchargement des données de la table `inclutplaylist`
--

INSERT INTO `inclutplaylist` (`idRepresentation`, `idTitre`, `tempsPrevu`, `annuleTitre`) VALUES
(1,24,'00:5:37',0),
(1,26,'00:3:36',0),
(1,27,'00:3:19',0),
(1,80,'00:2:53',0),
(2,8,'00:5:20',0),
(2,9,'00:3:53',0),
(2,11,'00:5:46',0),
(2,84,'00:4:54',0),
(3,12,'00:9:22',0),
(3,15,'00:7:38',1),
(3,18,'00:6:37',0),
(4,22,'00:2:1',0),
(4,25,'00:3:10',0),
(4,29,'00:5:54',0),
(5,14,'00:7:21',0),
(5,16,'00:6:46',0),
(6,37,'00:3:10',1),
(6,39,'00:4:45',0),
(6,41,'00:5:20',0),
(7,37,'00:5:20',0),
(7,39,'00:7:21',1),
(7,41,'00:7:38',0),
(8,32,'00:6:29',0),
(8,34,'00:4:28',0),
(8,36,'00:6:12',0),
(9,30,'00:9:22',0),
(9,33,'00:2:18',0),
(9,36,'00:9:4',0),
(10,30,'00:4:11',0),
(10,33,'00:9:4',0),
(10,36,'00:4:2',0),
(11,72,'00:2:1',0),
(11,73,'00:5:46',0),
(12,40,'00:7:47',0),
(12,43,'00:5:20',0),
(12,45,'00:7:55',0),
(13,60,'00:4:54',0),
(13,62,'00:7:12',0),
(14,75,'00:5:28',0),
(14,78,'00:2:18',0),
(14,81,'00:5:46',0),
(14,82,'00:7:12',0),
(15,56,'00:3:27',0),
(15,57,'00:4:19',0),
(15,58,'00:9:56',0),
(16,22,'00:3:45',0),
(16,25,'00:4:11',0),
(17,56,'00:7:55',0),
(17,57,'00:4:45',0),
(17,58,'00:2:1',0),
(17,59,'00:3:36',0),
(18,28,'00:8:21',0),
(18,31,'00:4:54',0),
(19,13,'00:5:2',0),
(20,8,'00:8:38',0),
(20,9,'00:2:27',0),
(21,40,'00:7:21',0),
(21,43,'00:2:18',0),
(21,45,'00:2:27',0),
(22,30,'00:3:45',0),
(22,33,'00:2:36',0),
(23,28,'00:9:56',0),
(24,48,'00:7:29',0),
(24,50,'00:2:44',0),
(24,51,'00:7:12',0),
(24,53,'00:2:53',0),
(25,12,'00:7:3',0),
(25,15,'00:3:19',0),
(25,18,'00:7:21',0),
(26,61,'00:8:47',0),
(26,63,'00:5:46',0),
(26,64,'00:7:12',0),
(27,2,'00:9:48',0),
(28,2,'00:7:38',0),
(29,21,'00:5:20',0),
(30,19,'00:9:22',0),
(30,23,'00:8:4',0),
(32,40,'00:5:37',0),
(32,43,'00:4:54',0),
(32,45,'00:3:45',0),
(33,5,'00:5:54',0),
(34,30,'00:7:55',0),
(34,33,'00:2:53',0),
(34,36,'00:4:28',0),
(35,46,'00:6:12',0),
(36,68,'00:3:27',0),
(36,70,'00:9:56',0),
(37,13,'00:6:55',0),
(38,30,'00:3:10',0),
(38,33,'00:8:38',0),
(38,36,'00:4:54',0),
(39,40,'00:8:56',0),
(39,43,'00:3:19',0),
(39,45,'00:6:12',0),
(40,72,'00:4:45',0),
(40,73,'00:5:54',0),
(41,24,'00:4:45',0),
(42,30,'00:6:37',0),
(43,24,'00:6:3',0),
(44,20,'00:5:20',0),
(44,22,'00:5:2',0),
(45,48,'00:4:54',0),
(45,50,'00:5:37',0),
(45,51,'00:4:54',0),
(46,48,'00:8:12',0),
(46,49,'00:5:11',0),
(47,40,'00:8:12',0),
(48,24,'00:7:38',0),
(48,26,'00:3:36',0),
(48,27,'00:4:45',0),
(48,80,'00:8:30',0),
(49,60,'00:5:2',0),
(50,48,'00:6:29',0),
(50,50,'00:7:55',0),
(50,51,'00:4:28',0),
(50,53,'00:2:44',0),
(51,12,'00:6:3',0),
(51,15,'00:5:20',0),
(51,18,'00:2:36',0),
(52,8,'00:5:11',0),
(52,9,'00:8:38',0),
(53,6,'00:8:30',0),
(54,14,'00:4:19',0),
(54,16,'00:2:53',0),
(55,8,'00:9:56',0),
(55,9,'00:2:36',0),
(55,11,'00:9:4',0),
(55,84,'00:4:28',0),
(56,56,'00:8:4',0),
(56,57,'00:9:13',0),
(56,58,'00:2:44',0),
(56,59,'00:5:37',0),
(57,2,'00:5:54',0),
(57,4,'00:9:22',0),
(58,32,'00:8:56',0),
(59,24,'00:5:11',0),
(59,26,'00:3:27',0),
(60,19,'00:5:20',0),
(60,23,'00:2:10',0),
(61,48,'00:8:38',0),
(61,49,'00:5:46',0),
(61,50,'00:7:55',0),
(62,76,'00:8:4',0),
(62,77,'00:9:30',0),
(62,79,'00:3:1',0),
(62,81,'00:2:36',0),
(63,40,'00:8:21',0),
(63,42,'00:8:4',0),
(63,44,'00:9:22',0),
(64,76,'00:7:38',0),
(64,77,'00:2:10',0),
(64,79,'00:9:39',0),
(64,81,'00:3:53',0),
(65,60,'00:4:28',0),
(66,14,'00:8:12',0),
(66,16,'00:5:11',0),
(67,37,'00:3:53',0),
(67,39,'00:4:54',0),
(67,41,'00:6:20',0),
(68,2,'00:4:2',0),
(68,3,'00:2:36',0),
(69,52,'00:3:27',0),
(69,54,'00:6:55',0),
(69,59,'00:7:21',0),
(70,48,'00:4:28',0),
(70,50,'00:9:13',0),
(70,51,'00:9:22',0),
(70,53,'00:9:56',0),
(70,55,'00:4:2',0),
(71,34,'00:5:20',0),
(71,38,'00:6:37',0),
(71,39,'00:6:29',0),
(72,30,'00:9:48',0),
(72,33,'00:8:12',0),
(73,75,'00:4:36',0),
(73,78,'00:5:28',0),
(73,81,'00:4:36',0),
(73,82,'00:3:45',0),
(74,20,'00:9:39',0),
(75,28,'00:6:46',0),
(75,31,'00:4:45',0),
(75,30,'00:5:2',0),
(76,2,'00:2:18',0),
(77,12,'00:8:12',0),
(77,15,'00:7:12',0),
(77,18,'00:3:36',0),
(78,2,'00:4:2',0),
(78,4,'00:7:29',0),
(78,31,'00:9:30',0),
(78,41,'00:4:54',0),
(78,44,'00:6:3',0),
(78,73,'00:6:29',0),
(79,40,'00:6:12',0),
(80,2,'00:5:54',0),
(81,2,'00:3:27',0),
(81,4,'00:8:38',0),
(81,31,'00:2:44',0),
(82,22,'00:6:55',0),
(82,25,'00:3:45',0),
(82,29,'00:3:27',0),
(83,56,'00:8:56',0),
(83,57,'00:5:46',0),
(83,58,'00:5:54',0),
(83,59,'00:4:36',0),
(84,2,'00:3:45',0),
(84,3,'00:3:27',0),
(85,75,'00:3:45',0),
(85,78,'00:4:45',0),
(85,81,'00:2:10',0),
(86,48,'00:4:54',0),
(86,50,'00:4:11',0),
(86,51,'00:8:12',0),
(86,53,'00:6:20',0);


